{
  "Total" : {
    "transaction" : "Total",
    "sampleCount" : 10000,
    "errorCount" : 2,
    "errorPct" : 0.02,
    "meanResTime" : 6519.417599999985,
    "medianResTime" : 5707.5,
    "minResTime" : 106.0,
    "maxResTime" : 259637.0,
    "pct1ResTime" : 10913.8,
    "pct2ResTime" : 14002.54999999999,
    "pct3ResTime" : 23152.809999999998,
    "throughput" : 13.715765449438202,
    "receivedKBytesPerSec" : 16588.22780780578,
    "sentKBytesPerSec" : 1.5266450603356523
  },
  "bobobobo.com" : {
    "transaction" : "bobobobo.com",
    "sampleCount" : 10000,
    "errorCount" : 2,
    "errorPct" : 0.02,
    "meanResTime" : 6519.417599999985,
    "medianResTime" : 5707.5,
    "minResTime" : 106.0,
    "maxResTime" : 259637.0,
    "pct1ResTime" : 10913.8,
    "pct2ResTime" : 14002.54999999999,
    "pct3ResTime" : 23152.809999999998,
    "throughput" : 13.715765449438202,
    "receivedKBytesPerSec" : 16588.22780780578,
    "sentKBytesPerSec" : 1.5266450603356523
  }
}