{
  "Total" : {
    "transaction" : "Total",
    "sampleCount" : 10000,
    "errorCount" : 0,
    "errorPct" : 0.0,
    "meanResTime" : 2520.7096000000042,
    "medianResTime" : 2186.0,
    "minResTime" : 119.0,
    "maxResTime" : 83764.0,
    "pct1ResTime" : 3731.8999999999996,
    "pct2ResTime" : 4438.0,
    "pct3ResTime" : 11891.669999999971,
    "throughput" : 35.06323654711272,
    "receivedKBytesPerSec" : 10972.493719571685,
    "sentKBytesPerSec" : 9.827293836934912
  },
  "bobobobo.com" : {
    "transaction" : "bobobobo.com",
    "sampleCount" : 10000,
    "errorCount" : 0,
    "errorPct" : 0.0,
    "meanResTime" : 2520.7096000000042,
    "medianResTime" : 2186.0,
    "minResTime" : 119.0,
    "maxResTime" : 83764.0,
    "pct1ResTime" : 3731.8999999999996,
    "pct2ResTime" : 4438.0,
    "pct3ResTime" : 11891.669999999971,
    "throughput" : 35.06323654711272,
    "receivedKBytesPerSec" : 10972.493719571685,
    "sentKBytesPerSec" : 9.827293836934912
  }
}