{
  "Total" : {
    "transaction" : "Total",
    "sampleCount" : 10000,
    "errorCount" : 0,
    "errorPct" : 0.0,
    "meanResTime" : 550.8034000000017,
    "medianResTime" : 171.0,
    "minResTime" : 30.0,
    "maxResTime" : 49597.0,
    "pct1ResTime" : 461.0,
    "pct2ResTime" : 764.7499999999945,
    "pct3ResTime" : 10584.679999999993,
    "throughput" : 93.73476810018371,
    "receivedKBytesPerSec" : 11278.835853724551,
    "sentKBytesPerSec" : 10.069164542011924
  },
  "HTTP Request" : {
    "transaction" : "HTTP Request",
    "sampleCount" : 10000,
    "errorCount" : 0,
    "errorPct" : 0.0,
    "meanResTime" : 550.8034000000017,
    "medianResTime" : 171.0,
    "minResTime" : 30.0,
    "maxResTime" : 49597.0,
    "pct1ResTime" : 461.0,
    "pct2ResTime" : 764.7499999999945,
    "pct3ResTime" : 10584.679999999993,
    "throughput" : 93.73476810018371,
    "receivedKBytesPerSec" : 11278.835853724551,
    "sentKBytesPerSec" : 10.069164542011924
  }
}